Re,forward_error,backward_error,ratio
100,0.016163962590871914,28.689018411666932,1774.8753283967724
500,0.025402205528941152,0.06130079862063303,2.4132077252422834
2000,0.033788659222419144,0.03938440429862928,1.1656101545603
5000,0.040163153649190986,0.03608860271059751,0.8985500248764566
