{
  "numeric_warning_count": 0,
  "overall_interpretation": "Inconclusive",
  "reproduction_vs_existing": {
    "matched_re_values": [
      100,
      500,
      2000,
      5000
    ],
    "max_abs_delta_ratio": 1749.5716680741612
  },
  "run_config": {
    "N": 32,
    "horizon": 2.0,
    "max_steps": 10000,
    "noise_rel": 0.02,
    "outdir": "results",
    "overwrite_canonical": false,
    "re_list": "100,500,2000,5000",
    "seed": 42,
    "snapshots_test2": 100,
    "t_total_test1": 6.0,
    "t_total_test2": 5.0
  },
  "runtime_seconds": 1.267091989517212,
  "test1": {
    "ratio_at_re5000": 0.8985500248764566,
    "ratio_monotonic_with_re": false,
    "rows": [
      {
        "Re": 100,
        "backward_error": 28.689018411666932,
        "forward_error": 0.016163962590871914,
        "ratio": 1774.8753283967724
      },
      {
        "Re": 500,
        "backward_error": 0.06130079862063303,
        "forward_error": 0.025402205528941152,
        "ratio": 2.4132077252422834
      },
      {
        "Re": 2000,
        "backward_error": 0.03938440429862928,
        "forward_error": 0.033788659222419144,
        "ratio": 1.1656101545603
      },
      {
        "Re": 5000,
        "backward_error": 0.03608860271059751,
        "forward_error": 0.040163153649190986,
        "ratio": 0.8985500248764566
      }
    ]
  },
  "test2": {
    "avg_loss_rate": 0.02138793444289078,
    "critical_threshold": 1.4476577536768391,
    "eddy_turnover_time": 7.978024366903776,
    "final_info_bits": 9.543031820255237,
    "initial_info_bits": 9.651051691178928,
    "max_loss_rate": 0.11410990847215885,
    "threshold_crossed": false
  }
}