Re,forward_error,backward_error,ratio
100,0.01337681039317206,0.33848226638880147,25.303660322611236
500,0.02123388215766681,0.034789332435046096,1.6383877510822904
2000,0.024646723910080243,0.0271712600605076,1.1024288728854081
5000,0.0287031667942873,0.026865551941382727,0.9359786721069987
