Re,forward_error,backward_error,ratio
100,0.009951824279526808,0.33934550831469434,34.098824374623064
